ano,codigo_uf,uf,codigo_produto,produto,producao_t,valor_milhoes_reais_nominais
2013,16,Amapá,32873,Pirapitinga,59.459,0.362
2013,16,Amapá,32874,Pirarucu,3.004,0.048
2013,16,Amapá,32875,"Tambacu, tambatinga",96.024,0.628
2013,16,Amapá,32876,Tambaqui,269.801,2.104
2013,16,Amapá,32877,Tilápia,23.311,0.136
2014,16,Amapá,32873,Pirapitinga,65.51,0.418
2014,16,Amapá,32874,Pirarucu,3.492,0.058
2014,16,Amapá,32875,"Tambacu, tambatinga",108.829,0.741
2014,16,Amapá,32876,Tambaqui,303.075,2.406
2014,16,Amapá,32877,Tilápia,24.931,0.154
2015,16,Amapá,32873,Pirapitinga,85.371,0.545
2015,16,Amapá,32874,Pirarucu,4.482,0.075
2015,16,Amapá,32875,"Tambacu, tambatinga",132.336,0.913
2015,16,Amapá,32876,Tambaqui,379.056,2.83
2015,16,Amapá,32877,Tilápia,44.675,0.273
2016,16,Amapá,32873,Pirapitinga,90.235,0.595
2016,16,Amapá,32874,Pirarucu,5.188,0.088
2016,16,Amapá,32875,"Tambacu, tambatinga",144.154,1.002
2016,16,Amapá,32876,Tambaqui,397.199,3.089
2016,16,Amapá,32877,Tilápia,49.078,0.313
2017,16,Amapá,32873,Pirapitinga,97.645,0.762
2017,16,Amapá,32874,Pirarucu,5.938,0.11
2017,16,Amapá,32875,"Tambacu, tambatinga",157.022,1.23
2017,16,Amapá,32876,Tambaqui,438.516,3.764
2017,16,Amapá,32877,Tilápia,54.563,0.389
2018,16,Amapá,32873,Pirapitinga,105.709,0.887
2018,16,Amapá,32874,Pirarucu,6.384,0.121
2018,16,Amapá,32875,"Tambacu, tambatinga",174.037,1.445
2018,16,Amapá,32876,Tambaqui,474.066,4.419
2018,16,Amapá,32877,Tilápia,63.157,0.494
2019,16,Amapá,32873,Pirapitinga,108.95,0.983
2019,16,Amapá,32874,Pirarucu,6.896,0.146
2019,16,Amapá,32875,"Tambacu, tambatinga",168.02,1.472
2019,16,Amapá,32876,Tambaqui,507.596,5.058
2019,16,Amapá,32877,Tilápia,69.557,0.567
2020,16,Amapá,32873,Pirapitinga,114.063,1.073
2020,16,Amapá,32874,Pirarucu,6.528,0.144
2020,16,Amapá,32875,"Tambacu, tambatinga",178.339,1.636
2020,16,Amapá,32876,Tambaqui,534.445,5.491
2020,16,Amapá,32877,Tilápia,72.948,0.624
2021,16,Amapá,32873,Pirapitinga,121.499,1.352
2021,16,Amapá,32874,Pirarucu,7.082,0.166
2021,16,Amapá,32875,"Tambacu, tambatinga",189.619,1.89
2021,16,Amapá,32876,Tambaqui,585.72,6.972
2021,16,Amapá,32877,Tilápia,79.793,0.748
2022,16,Amapá,32873,Pirapitinga,125.806,1.549
2022,16,Amapá,32874,Pirarucu,7.351,0.176
2022,16,Amapá,32875,"Tambacu, tambatinga",197.442,2.191
2022,16,Amapá,32876,Tambaqui,601.423,7.625
2022,16,Amapá,32877,Tilápia,82.111,0.821
2023,16,Amapá,32873,Pirapitinga,123.383,1.626
2023,16,Amapá,32874,Pirarucu,6.895,0.172
2023,16,Amapá,32875,"Tambacu, tambatinga",186.488,2.267
2023,16,Amapá,32876,Tambaqui,569.788,7.595
2023,16,Amapá,32877,Tilápia,81.376,0.879
2024,16,Amapá,32873,Pirapitinga,130.475,1.894
2024,16,Amapá,32874,Pirarucu,7.281,0.197
2024,16,Amapá,32875,"Tambacu, tambatinga",197.817,2.549
2024,16,Amapá,32876,Tambaqui,625.565,8.912
2024,16,Amapá,32877,Tilápia,85.178,0.958
