ano,codigo_municipio,municipio,uf,codigo_produto,produto,producao_t
2024,1600055,Serra do Navio - AP,Amapá,32875,"Tambacu, tambatinga",7.464
2024,1600055,Serra do Navio - AP,Amapá,32877,Tilápia,16.978
2024,1600105,Amapá - AP,Amapá,32875,"Tambacu, tambatinga",17.76
2024,1600105,Amapá - AP,Amapá,32876,Tambaqui,41.624
2024,1600154,Pedra Branca do Amapari - AP,Amapá,32873,Pirapitinga,63.247
2024,1600154,Pedra Branca do Amapari - AP,Amapá,32876,Tambaqui,92.912
2024,1600204,Calçoene - AP,Amapá,32875,"Tambacu, tambatinga",19.824
2024,1600238,Ferreira Gomes - AP,Amapá,32875,"Tambacu, tambatinga",41.658
2024,1600238,Ferreira Gomes - AP,Amapá,32876,Tambaqui,68.536
2024,1600238,Ferreira Gomes - AP,Amapá,32877,Tilápia,20.885
2024,1600279,Laranjal do Jari - AP,Amapá,32873,Pirapitinga,23.42
2024,1600279,Laranjal do Jari - AP,Amapá,32875,"Tambacu, tambatinga",33.517
2024,1600279,Laranjal do Jari - AP,Amapá,32876,Tambaqui,59.532
2024,1600303,Macapá - AP,Amapá,32873,Pirapitinga,43.808
2024,1600303,Macapá - AP,Amapá,32875,"Tambacu, tambatinga",63.85
2024,1600303,Macapá - AP,Amapá,32876,Tambaqui,266.327
2024,1600303,Macapá - AP,Amapá,32877,Tilápia,47.315
2024,1600501,Oiapoque - AP,Amapá,32874,Pirarucu,7.281
2024,1600501,Oiapoque - AP,Amapá,32876,Tambaqui,52.39
2024,1600709,Tartarugalzinho - AP,Amapá,32875,"Tambacu, tambatinga",13.744
2024,1600709,Tartarugalzinho - AP,Amapá,32876,Tambaqui,26.797
2024,1600808,Vitória do Jari - AP,Amapá,32876,Tambaqui,17.447
