ano,especie,arquivo_origem,captura_registrada_t
2021,Abadejo (Congro rosa (genypterus brasiliensis),pargo,0.142
2021,Agulhão (Istiophoridae),pargo,10.775
2021,Albacora (Thunnus spp),pargo,0.04
2021,Arabaiana (Seriola dumerili),pargo,29.019
2021,Aracanguira (Trachinotus spp),pargo,0.074
2021,Ariacó (Lutjanus synagris),pargo,216.543
2021,Barracuda (Sphyraena barracuda),pargo,0.543
2021,Beijupirá (Rachycentron canadum),pargo,23.776
2021,Biquara (Haemulon plumierii),pargo,0.348
2021,Bonito (Katsuwonus pelamis/euthynnus allteratus),pargo,1.859
2021,"Camurim, Robalo (Centropomus parallelus, centropomus undecimalis, centropomus ensiferus, centropomus pectinatus)",pargo,0.749
2021,"Cangulo, Peroá, Peixe-Porco, Porquinho (Balistes capriscus)",pargo,0.02
2021,Caranha (Lutjanus cyanopterus),pargo,1.477
2021,Cavala (Scomberomorus cavalla),pargo,138.78
2021,Cavala Empige (Acanthocybium solandri),pargo,2.852
2021,Cação Tubarão (Selachii),pargo,4.441
2021,Cherne Listrado (Hyporthodus mystacinus),pargo,0.039
2021,Cherne Queimado (Hyporthodus nigritus),pargo,0.228
2021,Cioba (Lutjanus analis),pargo,16.888
2021,"Corvina, Cururuca (Micropogonias furnieri)",pargo,19.454
2021,"Dentão, Carapitanga (Lutjanus jocu)",pargo,13.126
2021,Dourada (Brachyplatystoma rousseauxii),pargo,5.176
2021,Dourado (Coryphaena hippurus),pargo,14.829
2021,Galo (Selene setapinnis),pargo,0.146
2021,"Garajuba, Carapau, Xerelete (Caranx crysus)",pargo,0.832
2021,Garoupa Gato (Alphestes afer),pargo,0.031
2021,Garoupa Verdadeira (Epinephelus marginatus),pargo,0.231
2021,"Garoupa, Cherne Pintado, Cherne Verdadeiro (Epinephelus niveatus)",pargo,52.027
2021,Garoupa-Vermelha-De-Abrolhos (Epinephelus morio),pargo,0.056
2021,Gostosa (Dermatolepis inermis),pargo,0.189
2021,Graçacarim (Na),pargo,0.064
2021,Guaiúba (Ocyurus chrysurus),pargo,136.522
2021,Guarajuba (Carangoides bartholomaei),pargo,18.44
2021,Guaricema (Caranx crysos),pargo,0.154
2021,Gurijuba (Arius parkeri),pargo,26.327
2021,Olho-De-Boi (Seriola fasciata),pargo,0.07
2021,Pargo (Lutjanus purpureus),pargo,2306.256
2021,Pargo Olho Amarelo (Lutjanus vivannus),pargo,12.234
2021,Pargo Olhudo (Rhomboplites aurorubens),pargo,5.816
2021,Pargo-Piranga (Rhomboplites aurorubens),pargo,107.824
2021,Peixe Pena (Calamus spp),pargo,0.183
2021,Peixe-Rei (Elagatis bipinnulata),pargo,0.061
2021,Pescada Amarela (Cynoscion acoupa),pargo,25.932
2021,Pirapema (Megalops atlanticus),pargo,0.194
2021,Piraúna (Cephalopholis fulva),pargo,10.807
2021,Raia (Batoidea),pargo,0.008
2021,Sacolão (Lutjanus spp),pargo,0.035
2021,Serra (Scomberomorus brasiliensis),pargo,75.752
2021,"Sirigado, Badejo Quadrado (Mycteroperca bonaci)",pargo,6.998
2021,"Timbira, Guaivira (Oligoplites saliens)",pargo,1.982
2021,Uritinga (Arius proops),pargo,3.275
2021,Vermelho Olho Amarelo (Lutjanus vivannus),pargo,0.045
2021,Vermelho Olho De Vidro (Heteropriacanthus cruentatus),pargo,0.018
2021,Xaréu (Caranx hippos),pargo,18.962
2021,Xaréu Preto (Caranx lugubris),pargo,0.27
2022,"Agulha (Hyporamphus unifasciatus, hemiramphus brasiliensis)",pargo,0.633
2022,Agulhão Vela (Istiophorus albicans),pargo,1.252
2022,Arabaiana (Seriola dumerili),pargo,29.356
2022,Ariacó (Lutjanus synagris),pargo,172.426
2022,Barracuda (Sphyraena barracuda),pargo,0.589
2022,Batata (Lopholatilus villarii),pargo,0.078
2022,Batata Da Pedra (Caulolatilus chrysops),pargo,0.02
2022,Beijupirá (Rachycentron canadum),pargo,21.14
2022,Biquara (Haemulon plumierii),pargo,0.092
2022,Caranha (Lutjanus cyanopterus),pargo,0.261
2022,Cavala (Scomberomorus cavalla),pargo,158.451
2022,Cavala Empige (Acanthocybium solandri),pargo,2.357
2022,Cação Tubarão (Selachii),pargo,0.581
2022,Cherne Listrado (Hyporthodus mystacinus),pargo,0.109
2022,Cherne-Galha-Amarela (Epinephelus flavolimbatus),pargo,0.013
2022,Cioba (Lutjanus analis),pargo,4.393
2022,"Corvina, Cururuca (Micropogonias furnieri)",pargo,19.039
2022,"Dentão, Carapitanga (Lutjanus jocu)",pargo,11.267
2022,Dourado (Coryphaena hippurus),pargo,3.593
2022,"Garajuba, Carapau, Xerelete (Caranx crysus)",pargo,1.125
2022,"Garoupa, Cherne Pintado, Cherne Verdadeiro (Epinephelus niveatus)",pargo,34.472
2022,Gostosa (Dermatolepis inermis),pargo,0.512
2022,Graçacarim (Na),pargo,0.008
2022,Guaiúba (Ocyurus chrysurus),pargo,184.39
2022,Guarajuba (Carangoides bartholomaei),pargo,7.455
2022,Guaricema (Caranx crysos),pargo,1.0
2022,Gurijuba (Arius parkeri),pargo,2.84
2022,Olho-De-Boi (Seriola fasciata),pargo,0.001
2022,Pargo (Lutjanus purpureus),pargo,2945.954
2022,Pargo Olhudo (Rhomboplites aurorubens),pargo,2.797
2022,Pargo Rosa (Pagrus pagrus),pargo,0.243
2022,Pargo-Piranga (Rhomboplites aurorubens),pargo,175.66
2022,Peixe Pena (Calamus spp),pargo,0.246
2022,Piraúna (Cephalopholis fulva),pargo,17.264
2022,Raia (Batoidea),pargo,0.165
2022,Sardinha-verdadeira,sardinha,12281.69
2022,Serra (Scomberomorus brasiliensis),pargo,183.884
2022,"Sirigado, Badejo Quadrado (Mycteroperca bonaci)",pargo,2.479
2022,"Timbira, Guaivira (Oligoplites saliens)",pargo,0.301
2022,Uritinga (Arius proops),pargo,2.452
2022,Xaréu (Caranx hippos),pargo,6.481
2022,Xaréu Preto (Caranx lugubris),pargo,0.812
2023,"Agulha (Hyporamphus unifasciatus, hemiramphus brasiliensis)",pargo,0.03
2023,Agulhão Vela (Istiophorus albicans),pargo,1.649
2023,Arabaiana (Seriola dumerili),pargo,26.032
2023,Ariacó (Lutjanus synagris),pargo,136.467
2023,Barracuda (Sphyraena barracuda),pargo,0.436
2023,Beijupirá (Rachycentron canadum),pargo,23.728
2023,"Cangulo, Peroá, Peixe-Porco, Porquinho (Balistes capriscus)",pargo,0.008
2023,Caranha (Lutjanus cyanopterus),pargo,0.005
2023,"Caraúna (Acanthurus bahianus, acanthurus chirurgus, acanthurus coerulus)",pargo,0.088
2023,Cavala (Scomberomorus cavalla),pargo,143.413
2023,Cavala Empige (Acanthocybium solandri),pargo,1.128
2023,Cação Martelo (Sphyrna spp),pargo,0.018
2023,Cação Tubarão (Selachii),pargo,0.718
2023,Cherne Listrado (Hyporthodus mystacinus),pargo,0.05
2023,Cherne Queimado (Hyporthodus nigritus),pargo,0.227
2023,Cherne-Galha-Amarela (Epinephelus flavolimbatus),pargo,0.205
2023,Cherne-Poveiro (Polyprion americanus),pargo,0.001
2023,Cioba (Lutjanus analis),pargo,16.611
2023,"Congro-Preto (Conger orbignianus, myrophis punctatus, raneya brasiliensis)",pargo,0.001
2023,"Corvina, Cururuca (Micropogonias furnieri)",pargo,0.136
2023,"Dentão, Carapitanga (Lutjanus jocu)",pargo,11.448
2023,Dourado (Coryphaena hippurus),pargo,5.592
2023,Garoupa Verdadeira (Epinephelus marginatus),pargo,9.386
2023,"Garoupa, Cherne Pintado, Cherne Verdadeiro (Epinephelus niveatus)",pargo,56.588
2023,Garoupa-Vermelha-De-Abrolhos (Epinephelus morio),pargo,0.071
2023,Gostosa (Dermatolepis inermis),pargo,0.039
2023,Graçacarim (Na),pargo,0.075
2023,Guaiúba (Ocyurus chrysurus),pargo,97.048
2023,Guarajuba (Carangoides bartholomaei),pargo,4.201
2023,Guaricema (Caranx crysos),pargo,0.05
2023,Gurijuba (Arius parkeri),pargo,0.538
2023,Jaguariça (Lutjanus jocu),pargo,0.021
2023,Lagosta Vermelha (Panulirus argus),pargo,3.296
2023,Moréia (Gymnothorax funebris),pargo,0.275
2023,Pargo (Lutjanus purpureus),pargo,2457.093
2023,Pargo Olho Amarelo (Lutjanus vivannus),pargo,0.477
2023,Pargo-Piranga (Rhomboplites aurorubens),pargo,100.478
2023,Pescada Amarela (Cynoscion acoupa),pargo,0.132
2023,Piraúna (Cephalopholis fulva),pargo,16.77
2023,Sardinha-verdadeira,sardinha,30324.25
2023,Serra (Scomberomorus brasiliensis),pargo,153.183
2023,"Sirigado, Badejo Quadrado (Mycteroperca bonaci)",pargo,1.008
2023,"Timbira, Guaivira (Oligoplites saliens)",pargo,0.736
2023,Xaréu (Caranx hippos),pargo,2.354
2023,Xaréu Preto (Caranx lugubris),pargo,0.559
2024,Agulhão Vela (Istiophorus albicans),pargo,2.557
2024,Albacora (Thunnus spp),pargo,0.081
2024,Albacora Azul (Thunnus thynnus),pargo,1.3
2024,Albacorinha (Thunnus atlanticus),pargo,1.059
2024,Arabaiana (Seriola dumerili),pargo,40.2408
2024,Ariacó (Lutjanus synagris),pargo,184.7223
2024,Beijupirá (Rachycentron canadum),pargo,37.0329
2024,"Camurim, Robalo (Centropomus parallelus, centropomus undecimalis, centropomus ensiferus, centropomus pectinatus)",pargo,0.07
2024,Caranha (Lutjanus cyanopterus),pargo,0.888
2024,Catuá (Cephalopholis fulva),pargo,13.06
2024,Cavala (Scomberomorus cavalla),pargo,192.2658
2024,Cavala Empige (Acanthocybium solandri),pargo,4.688
2024,Cherne-Galha-Amarela (Epinephelus flavolimbatus),pargo,2.914
2024,Cioba (Lutjanus analis),pargo,0.01
2024,Dentão (Lutjanus jocu),pargo,2.095
2024,"Dentão, Carapitanga (Lutjanus jocu)",pargo,12.7787
2024,Dourada (Brachyplatystoma rousseauxii),pargo,0.022
2024,Dourado (Coryphaena hippurus),pargo,3.2212
2024,"Garoupa, Cherne Pintado, Cherne Verdadeiro (Epinephelus niveatus)",pargo,123.159
2024,Garoupa-Vermelha-De-Abrolhos (Epinephelus morio),pargo,0.1441
2024,Guaiuba (Ocyurus chrysurus),pargo,0.903
2024,Guaiúba (Ocyurus chrysurus),pargo,138.5383
2024,Guarajuba (Carangoides bartholomaei),pargo,0.006
2024,Pargo (Lutjanus purpureus),pargo,3812.9068
2024,Pargo Olho De Vidro (Heteropriacanthus cruentatus),pargo,5.0561
2024,Pargo-Piranga (Rhomboplites aurorubens),pargo,210.5463
2024,Piraúna (Cephalopholis fulva),pargo,5.9536
2024,Sardinha-verdadeira,sardinha,27583.531
2024,Sem Nome (N/i),pargo,6.635
2024,Serra (Scomberomorus brasiliensis),pargo,125.951
2024,"Sirigado, Badejo Quadrado (Mycteroperca bonaci)",pargo,17.4889
2024,Vermelho Olho Amarelo (Lutjanus vivannus),pargo,0.0114
2024,Xaréu (Caranx hippos),pargo,0.2171
2024,Xaréu Preto (Caranx lugubris),pargo,0.0685
2025,Sardinha-verdadeira,sardinha,13021.582
