codigo_ibge,municipio,uf,ano,especie,nome_comum,desembarque_kg,desembarque_t,esforco_horas
3300258,Arraial do Cabo,RJ,1992,Pomatomus saltatrix,Anchova,131463,131.463,36427
3300258,Arraial do Cabo,RJ,1993,Pomatomus saltatrix,Anchova,381052,381.052,52070
3300258,Arraial do Cabo,RJ,1994,Pomatomus saltatrix,Anchova,361835,361.835,62510
3300258,Arraial do Cabo,RJ,1995,Pomatomus saltatrix,Anchova,362527,362.527,47016
3300258,Arraial do Cabo,RJ,1996,Pomatomus saltatrix,Anchova,284064,284.064,20055
3300258,Arraial do Cabo,RJ,1997,Pomatomus saltatrix,Anchova,239263,239.263,56522
3300258,Arraial do Cabo,RJ,1998,Pomatomus saltatrix,Anchova,294735,294.735,40323
3300258,Arraial do Cabo,RJ,1999,Pomatomus saltatrix,Anchova,255904,255.904,66155
3300258,Arraial do Cabo,RJ,2000,Pomatomus saltatrix,Anchova,163642,163.642,58061
3300258,Arraial do Cabo,RJ,2001,Pomatomus saltatrix,Anchova,158623,158.623,45058
3300258,Arraial do Cabo,RJ,2002,Pomatomus saltatrix,Anchova,152847,152.847,43089
3300258,Arraial do Cabo,RJ,2003,Pomatomus saltatrix,Anchova,32790,32.79,45935
3300258,Arraial do Cabo,RJ,2004,Pomatomus saltatrix,Anchova,12394,12.394,48076
3300258,Arraial do Cabo,RJ,2005,Pomatomus saltatrix,Anchova,18455,18.455,46253
3300258,Arraial do Cabo,RJ,2006,Pomatomus saltatrix,Anchova,21753,21.753,40682
3300258,Arraial do Cabo,RJ,2007,Pomatomus saltatrix,Anchova,50436,50.436,47215
3300258,Arraial do Cabo,RJ,2008,Pomatomus saltatrix,Anchova,68772,68.772,41660
