source_id,codigo_ibge,municipio,uf,ano,especie,nome_comum,desembarque_t,registros,dias_registrados,esforco_horas
santarem,1506807,Santarém,PA,2011,Acara,Acara,26.644,445,164,
santarem,1506807,Santarém,PA,2011,Acara_Açu,Acara_Açu,7.325,232,131,
santarem,1506807,Santarém,PA,2011,Apapa,Apapa,22.217,705,209,
santarem,1506807,Santarém,PA,2011,Aracu,Aracu,88.873,1431,190,
santarem,1506807,Santarém,PA,2011,Arraia,Arraia,3.748,85,60,
santarem,1506807,Santarém,PA,2011,Aruana,Aruana,7.757,372,176,
santarem,1506807,Santarém,PA,2011,Bacu,Bacu,0.417,43,37,
santarem,1506807,Santarém,PA,2011,Barbado,Barbado,1.998,193,111,
santarem,1506807,Santarém,PA,2011,Branquinha,Branquinha,0.246,6,6,
santarem,1506807,Santarém,PA,2011,Cara_de_Gato,Cara_de_Gato,0.13,17,15,
santarem,1506807,Santarém,PA,2011,Charuto,Charuto,9.606,194,124,
santarem,1506807,Santarém,PA,2011,Cujuba,Cujuba,12.92,408,166,
santarem,1506807,Santarém,PA,2011,Curimata,Curimata,19.051,673,176,
santarem,1506807,Santarém,PA,2011,Dourada,Dourada,23.506,1006,235,
santarem,1506807,Santarém,PA,2011,Filhote,Filhote,9.941,370,145,
santarem,1506807,Santarém,PA,2011,Fura_Calça,Fura_Calça,19.711,263,86,
santarem,1506807,Santarém,PA,2011,Jandia,Jandia,0.003,1,1,
santarem,1506807,Santarém,PA,2011,Jaraqui,Jaraqui,34.098,363,160,
santarem,1506807,Santarém,PA,2011,Jau,Jau,6.094,336,161,
santarem,1506807,Santarém,PA,2011,Mandube,Mandube,0.794,32,19,
santarem,1506807,Santarém,PA,2011,Mapara,Mapara,55.047,742,151,
santarem,1506807,Santarém,PA,2011,Matrincha,Matrincha,5.696,117,60,
santarem,1506807,Santarém,PA,2011,Misto,Misto,24.448,872,249,
santarem,1506807,Santarém,PA,2011,Pacu,Pacu,46.0,957,174,
santarem,1506807,Santarém,PA,2011,Pescada,Pescada,117.13,2365,271,
santarem,1506807,Santarém,PA,2011,Piramutaba,Piramutaba,0.589,35,24,
santarem,1506807,Santarém,PA,2011,Piranha,Piranha,5.083,223,112,
santarem,1506807,Santarém,PA,2011,Pirapitinga,Pirapitinga,6.561,303,145,
santarem,1506807,Santarém,PA,2011,Pirarara,Pirarara,20.992,869,241,
santarem,1506807,Santarém,PA,2011,Pirarucu,Pirarucu,12.065,429,136,
santarem,1506807,Santarém,PA,2011,Sardinha,Sardinha,0.037,2,2,
santarem,1506807,Santarém,PA,2011,Surubim,Surubim,91.495,2842,273,
santarem,1506807,Santarém,PA,2011,Tambaqui,Tambaqui,62.259,1578,169,
santarem,1506807,Santarém,PA,2011,Tambatinga,Tambatinga,0.203,2,1,
santarem,1506807,Santarém,PA,2011,Tamoata,Tamoata,18.205,306,141,
santarem,1506807,Santarém,PA,2011,Traira,Traira,2.533,111,82,
santarem,1506807,Santarém,PA,2011,Tucunare,Tucunare,39.768,1278,251,
santarem,1506807,Santarém,PA,2012,Acara,Acara,21.476,151,135,
santarem,1506807,Santarém,PA,2012,Acara_Açu,Acara_Açu,9.318,170,148,
santarem,1506807,Santarém,PA,2012,Apapa,Apapa,17.487,272,174,
santarem,1506807,Santarém,PA,2012,Aracu,Aracu,78.959,521,172,
santarem,1506807,Santarém,PA,2012,Arraia,Arraia,2.791,50,50,
santarem,1506807,Santarém,PA,2012,Aruana,Aruana,7.791,153,139,
santarem,1506807,Santarém,PA,2012,Bacu,Bacu,0.499,45,42,
santarem,1506807,Santarém,PA,2012,Barbado,Barbado,2.335,97,83,
santarem,1506807,Santarém,PA,2012,Branquinha,Branquinha,0.512,14,14,
santarem,1506807,Santarém,PA,2012,Cara_de_Gato,Cara_de_Gato,0.024,6,6,
santarem,1506807,Santarém,PA,2012,Charuto,Charuto,9.042,110,104,
santarem,1506807,Santarém,PA,2012,Cujuba,Cujuba,7.461,135,109,
santarem,1506807,Santarém,PA,2012,Curimata,Curimata,33.348,304,173,
santarem,1506807,Santarém,PA,2012,Dourada,Dourada,17.072,313,192,
santarem,1506807,Santarém,PA,2012,Filhote,Filhote,8.817,197,139,
santarem,1506807,Santarém,PA,2012,Fura_Calça,Fura_Calça,16.097,171,88,
santarem,1506807,Santarém,PA,2012,Jacunda,Jacunda,0.006,1,1,
santarem,1506807,Santarém,PA,2012,Jandia,Jandia,0.006,2,2,
santarem,1506807,Santarém,PA,2012,Jaraqui,Jaraqui,18.621,186,124,
santarem,1506807,Santarém,PA,2012,Jau,Jau,4.872,169,119,
santarem,1506807,Santarém,PA,2012,Mandube,Mandube,1.107,37,36,
santarem,1506807,Santarém,PA,2012,Mapara,Mapara,33.01,303,130,
santarem,1506807,Santarém,PA,2012,Matrincha,Matrincha,8.646,36,29,
santarem,1506807,Santarém,PA,2012,Misto,Misto,0.155,6,2,
santarem,1506807,Santarém,PA,2012,Pacu,Pacu,36.177,316,163,
santarem,1506807,Santarém,PA,2012,Peixe_cachorro,Peixe_cachorro,0.085,4,4,
santarem,1506807,Santarém,PA,2012,Pescada,Pescada,89.243,537,241,
santarem,1506807,Santarém,PA,2012,Piracatinga,Piracatinga,0.042,3,3,
santarem,1506807,Santarém,PA,2012,Piraiba,Piraiba,0.017,1,1,
santarem,1506807,Santarém,PA,2012,Piramutaba,Piramutaba,1.649,26,23,
santarem,1506807,Santarém,PA,2012,Piranha,Piranha,2.008,79,71,
santarem,1506807,Santarém,PA,2012,Pirapitinga,Pirapitinga,6.131,147,110,
santarem,1506807,Santarém,PA,2012,Pirarara,Pirarara,16.366,303,195,
santarem,1506807,Santarém,PA,2012,Pirarucu,Pirarucu,13.966,213,115,
santarem,1506807,Santarém,PA,2012,Sardinha,Sardinha,0.345,16,16,
santarem,1506807,Santarém,PA,2012,Surubim,Surubim,60.069,537,241,
santarem,1506807,Santarém,PA,2012,Tambacu,Tambacu,3.098,2,2,
santarem,1506807,Santarém,PA,2012,Tambaqui,Tambaqui,57.304,470,183,
santarem,1506807,Santarém,PA,2012,Tambatinga,Tambatinga,6.857,28,17,
santarem,1506807,Santarém,PA,2012,Tamoata,Tamoata,18.605,171,138,
santarem,1506807,Santarém,PA,2012,Tilapia,Tilapia,0.49,2,2,
santarem,1506807,Santarém,PA,2012,Traira,Traira,1.858,65,59,
santarem,1506807,Santarém,PA,2012,Tucunare,Tucunare,46.573,396,239,
santarem,1506807,Santarém,PA,2013,Acara,Acara,22.343,399,152,
santarem,1506807,Santarém,PA,2013,Acara_Açu,Acara_Açu,10.872,333,158,
santarem,1506807,Santarém,PA,2013,Acaratinga,Acaratinga,0.227,3,3,
santarem,1506807,Santarém,PA,2013,Acari,Acari,0.029,2,2,
santarem,1506807,Santarém,PA,2013,Apapa,Apapa,21.477,799,244,
santarem,1506807,Santarém,PA,2013,Aracu,Aracu,108.555,2046,218,
santarem,1506807,Santarém,PA,2013,Arraia,Arraia,2.13,80,69,
santarem,1506807,Santarém,PA,2013,Aruana,Aruana,10.889,473,184,
santarem,1506807,Santarém,PA,2013,Bacu,Bacu,0.634,56,50,
santarem,1506807,Santarém,PA,2013,Barbado,Barbado,7.088,264,145,
santarem,1506807,Santarém,PA,2013,Branquinha,Branquinha,0.785,19,15,
santarem,1506807,Santarém,PA,2013,Camarao,Camarao,0.243,3,2,
santarem,1506807,Santarém,PA,2013,Capare,Capare,0.088,5,5,
santarem,1506807,Santarém,PA,2013,Cara_de_Gato,Cara_de_Gato,0.095,9,8,
santarem,1506807,Santarém,PA,2013,Charuto,Charuto,14.271,296,146,
santarem,1506807,Santarém,PA,2013,Cujuba,Cujuba,6.873,266,142,
santarem,1506807,Santarém,PA,2013,Curimata,Curimata,44.688,1290,226,
santarem,1506807,Santarém,PA,2013,Dourada,Dourada,45.143,1266,263,
santarem,1506807,Santarém,PA,2013,Filhote,Filhote,23.251,643,214,
santarem,1506807,Santarém,PA,2013,Fura_Calça,Fura_Calça,16.728,268,104,
santarem,1506807,Santarém,PA,2013,Jandia,Jandia,0.015,4,4,
santarem,1506807,Santarém,PA,2013,Jaraqui,Jaraqui,64.371,1045,213,
santarem,1506807,Santarém,PA,2013,Jatuarana,Jatuarana,0.83,11,6,
santarem,1506807,Santarém,PA,2013,Jau,Jau,7.753,418,165,
santarem,1506807,Santarém,PA,2013,Mandube,Mandube,3.306,91,54,
santarem,1506807,Santarém,PA,2013,Mapara,Mapara,54.712,824,177,
santarem,1506807,Santarém,PA,2013,Matrincha,Matrincha,2.395,68,33,
santarem,1506807,Santarém,PA,2013,Misto,Misto,35.1,1141,279,
santarem,1506807,Santarém,PA,2013,Pacu,Pacu,87.927,1752,207,
santarem,1506807,Santarém,PA,2013,Peixe_cachorro,Peixe_cachorro,0.045,2,2,
santarem,1506807,Santarém,PA,2013,Pescada,Pescada,100.503,2338,278,
santarem,1506807,Santarém,PA,2013,Piracatinga,Piracatinga,0.048,2,2,
santarem,1506807,Santarém,PA,2013,Piraiba,Piraiba,0.557,9,5,
santarem,1506807,Santarém,PA,2013,Piramutaba,Piramutaba,3.519,111,47,
santarem,1506807,Santarém,PA,2013,Piranha,Piranha,4.785,221,125,
santarem,1506807,Santarém,PA,2013,Pirapitinga,Pirapitinga,8.742,451,157,
santarem,1506807,Santarém,PA,2013,Pirarara,Pirarara,23.525,1085,279,
santarem,1506807,Santarém,PA,2013,Pirarucu,Pirarucu,14.354,457,157,
santarem,1506807,Santarém,PA,2013,Sardinha,Sardinha,0.446,22,22,
santarem,1506807,Santarém,PA,2013,Surubim,Surubim,79.285,2883,288,
santarem,1506807,Santarém,PA,2013,Tambacu,Tambacu,3.062,68,40,
santarem,1506807,Santarém,PA,2013,Tambaqui,Tambaqui,53.092,1695,237,
santarem,1506807,Santarém,PA,2013,Tambatinga,Tambatinga,1.686,25,14,
santarem,1506807,Santarém,PA,2013,Tamoata,Tamoata,18.215,263,117,
santarem,1506807,Santarém,PA,2013,Traira,Traira,2.453,106,82,
santarem,1506807,Santarém,PA,2013,Tucunare,Tucunare,44.436,1498,281,
santarem,1506807,Santarém,PA,2014,Acara_Açu,Acara_Açu,7.226,119,118,
santarem,1506807,Santarém,PA,2014,Acaratinga,Acaratinga,10.459,106,104,
santarem,1506807,Santarém,PA,2014,Acari,Acari,0.063,4,4,
santarem,1506807,Santarém,PA,2014,Apapa,Apapa,20.736,246,227,
santarem,1506807,Santarém,PA,2014,Aracu,Aracu,52.687,214,198,
santarem,1506807,Santarém,PA,2014,Arraia,Arraia,2.064,52,51,
santarem,1506807,Santarém,PA,2014,Aruana,Aruana,7.555,170,170,
santarem,1506807,Santarém,PA,2014,Bacu,Bacu,1.076,57,57,
santarem,1506807,Santarém,PA,2014,Barbado,Barbado,4.92,173,171,
santarem,1506807,Santarém,PA,2014,Bomba,Bomba,0.009,1,1,
santarem,1506807,Santarém,PA,2014,Branquinha,Branquinha,0.625,7,7,
santarem,1506807,Santarém,PA,2014,Camarao,Camarao,0.068,1,1,
santarem,1506807,Santarém,PA,2014,Capare,Capare,0.054,2,2,
santarem,1506807,Santarém,PA,2014,Cara_Açu,Cara_Açu,3.464,47,47,
santarem,1506807,Santarém,PA,2014,Cara_de_Gato,Cara_de_Gato,0.006,1,1,
santarem,1506807,Santarém,PA,2014,Caras,Caras,0.192,4,4,
santarem,1506807,Santarém,PA,2014,Caratinga,Caratinga,6.3,31,31,
santarem,1506807,Santarém,PA,2014,Charuto,Charuto,9.959,104,104,
santarem,1506807,Santarém,PA,2014,Cujuba,Cujuba,11.722,162,153,
santarem,1506807,Santarém,PA,2014,Curimata,Curimata,64.217,207,196,
santarem,1506807,Santarém,PA,2014,Dourada,Dourada,43.716,306,277,
santarem,1506807,Santarém,PA,2014,Filhote,Filhote,25.438,227,216,
santarem,1506807,Santarém,PA,2014,Fura_Calça,Fura_Calça,13.781,88,84,
santarem,1506807,Santarém,PA,2014,Jandia,Jandia,0.006,2,2,
santarem,1506807,Santarém,PA,2014,Jaraqui,Jaraqui,51.426,202,202,
santarem,1506807,Santarém,PA,2014,Jatuarana,Jatuarana,8.085,48,47,
santarem,1506807,Santarém,PA,2014,Jau,Jau,7.918,192,184,
santarem,1506807,Santarém,PA,2014,Mandube,Mandube,1.796,47,47,
santarem,1506807,Santarém,PA,2014,Mapara,Mapara,40.662,167,151,
santarem,1506807,Santarém,PA,2014,Misto,Misto,26.165,285,269,
santarem,1506807,Santarém,PA,2014,Pacare,Pacare,0.365,13,13,
santarem,1506807,Santarém,PA,2014,Pacu,Pacu,82.27,217,199,
santarem,1506807,Santarém,PA,2014,Peixe_cachorro,Peixe_cachorro,0.025,2,2,
santarem,1506807,Santarém,PA,2014,Pescada,Pescada,74.199,322,274,
santarem,1506807,Santarém,PA,2014,Piracatinga,Piracatinga,0.026,2,2,
santarem,1506807,Santarém,PA,2014,Piraiba,Piraiba,1.035,14,14,
santarem,1506807,Santarém,PA,2014,Piramutaba,Piramutaba,2.286,52,47,
santarem,1506807,Santarém,PA,2014,Piranha,Piranha,3.6,107,107,
santarem,1506807,Santarém,PA,2014,Pirapitinga,Pirapitinga,19.665,185,180,
santarem,1506807,Santarém,PA,2014,Pirarara,Pirarara,24.993,276,253,
santarem,1506807,Santarém,PA,2014,Pirarucu,Pirarucu,16.631,174,154,
santarem,1506807,Santarém,PA,2014,Sardinha,Sardinha,0.18,9,9,
santarem,1506807,Santarém,PA,2014,Surubim,Surubim,95.203,338,293,
santarem,1506807,Santarém,PA,2014,Tambaqui,Tambaqui,43.377,220,199,
santarem,1506807,Santarém,PA,2014,Tambatinga,Tambatinga,1.31,9,9,
santarem,1506807,Santarém,PA,2014,Tamoata,Tamoata,11.424,121,121,
santarem,1506807,Santarém,PA,2014,Traira,Traira,1.692,68,68,
santarem,1506807,Santarém,PA,2014,Tucunare,Tucunare,41.99,291,273,
santarem,1506807,Santarém,PA,2015,Acara_Açu,Acara_Açu,8.337,124,124,
santarem,1506807,Santarém,PA,2015,Acari,Acari,6.538,27,27,
santarem,1506807,Santarém,PA,2015,Apapa,Apapa,17.804,209,209,
santarem,1506807,Santarém,PA,2015,Aracu,Aracu,46.806,208,207,
santarem,1506807,Santarém,PA,2015,Arraia,Arraia,2.76,45,45,
santarem,1506807,Santarém,PA,2015,Aruana,Aruana,6.681,155,155,
santarem,1506807,Santarém,PA,2015,Bacu,Bacu,2.277,58,58,
santarem,1506807,Santarém,PA,2015,Barbado,Barbado,10.086,176,175,
santarem,1506807,Santarém,PA,2015,Bomba,Bomba,0.354,17,17,
santarem,1506807,Santarém,PA,2015,Branquinha,Branquinha,0.095,3,3,
santarem,1506807,Santarém,PA,2015,Capare,Capare,0.081,4,4,
santarem,1506807,Santarém,PA,2015,Cara_Açu,Cara_Açu,0.778,22,22,
santarem,1506807,Santarém,PA,2015,Cara_de_Gato,Cara_de_Gato,0.013,3,3,
santarem,1506807,Santarém,PA,2015,Caras,Caras,24.662,177,177,
santarem,1506807,Santarém,PA,2015,Charuto,Charuto,17.052,132,132,
santarem,1506807,Santarém,PA,2015,Cujuba,Cujuba,20.475,191,190,
santarem,1506807,Santarém,PA,2015,Curimata,Curimata,60.829,195,195,
santarem,1506807,Santarém,PA,2015,Dourada,Dourada,45.17,261,260,
santarem,1506807,Santarém,PA,2015,Filhote,Filhote,25.655,224,223,
santarem,1506807,Santarém,PA,2015,Fura_Calça,Fura_Calça,5.407,58,57,
santarem,1506807,Santarém,PA,2015,Jandia,Jandia,0.27,4,4,
santarem,1506807,Santarém,PA,2015,Jaraqui,Jaraqui,60.864,215,214,
santarem,1506807,Santarém,PA,2015,Jatuarana,Jatuarana,1.964,31,31,
santarem,1506807,Santarém,PA,2015,Jau,Jau,12.16,178,177,
santarem,1506807,Santarém,PA,2015,Mandube,Mandube,0.802,22,22,
santarem,1506807,Santarém,PA,2015,Mapara,Mapara,47.077,159,158,
santarem,1506807,Santarém,PA,2015,Misto,Misto,21.342,240,239,
santarem,1506807,Santarém,PA,2015,Pacare,Pacare,0.267,10,10,
santarem,1506807,Santarém,PA,2015,Pacu,Pacu,62.054,200,200,
santarem,1506807,Santarém,PA,2015,Pescada,Pescada,82.697,262,261,
santarem,1506807,Santarém,PA,2015,Piracatinga,Piracatinga,0.04,1,1,
santarem,1506807,Santarém,PA,2015,Piraiba,Piraiba,3.333,30,30,
santarem,1506807,Santarém,PA,2015,Piramutaba,Piramutaba,3.325,46,45,
santarem,1506807,Santarém,PA,2015,Piranha,Piranha,3.838,73,73,
santarem,1506807,Santarém,PA,2015,Pirapitinga,Pirapitinga,23.624,177,177,
santarem,1506807,Santarém,PA,2015,Pirarara,Pirarara,30.394,247,246,
santarem,1506807,Santarém,PA,2015,Pirarucu,Pirarucu,20.468,163,162,
santarem,1506807,Santarém,PA,2015,Sardinha,Sardinha,0.294,8,8,
santarem,1506807,Santarém,PA,2015,Surubim,Surubim,102.561,277,276,
santarem,1506807,Santarém,PA,2015,Tambaqui,Tambaqui,57.856,218,217,
santarem,1506807,Santarém,PA,2015,Tambatinga,Tambatinga,0.047,1,1,
santarem,1506807,Santarém,PA,2015,Tamoata,Tamoata,10.026,96,96,
santarem,1506807,Santarém,PA,2015,Traira,Traira,2.593,60,60,
santarem,1506807,Santarém,PA,2015,Tucunare,Tucunare,58.616,247,246,
santarem,1506807,Santarém,PA,2016,Acara,Acara,11.532,240,116,
santarem,1506807,Santarém,PA,2016,Acara_Açu,Acara_Açu,3.703,128,85,
santarem,1506807,Santarém,PA,2016,Acaratinga,Acaratinga,0.421,8,8,
santarem,1506807,Santarém,PA,2016,Acari,Acari,2.808,10,10,
santarem,1506807,Santarém,PA,2016,Apapa,Apapa,22.082,553,171,
santarem,1506807,Santarém,PA,2016,Aracu,Aracu,34.006,700,199,
santarem,1506807,Santarém,PA,2016,Arraia,Arraia,3.222,80,61,
santarem,1506807,Santarém,PA,2016,Aruana,Aruana,6.366,224,141,
santarem,1506807,Santarém,PA,2016,Bacu,Bacu,2.009,83,62,
santarem,1506807,Santarém,PA,2016,Barbado,Barbado,6.99,213,134,
santarem,1506807,Santarém,PA,2016,Branquinha,Branquinha,0.048,2,2,
santarem,1506807,Santarém,PA,2016,Capare,Capare,0.197,8,8,
santarem,1506807,Santarém,PA,2016,Cara_Açu,Cara_Açu,1.091,25,25,
santarem,1506807,Santarém,PA,2016,Cara_de_Gato,Cara_de_Gato,0.101,8,8,
santarem,1506807,Santarém,PA,2016,Caras,Caras,5.461,36,36,
santarem,1506807,Santarém,PA,2016,Caratinga,Caratinga,0.0,1,1,
santarem,1506807,Santarém,PA,2016,Charuto,Charuto,29.902,407,185,
santarem,1506807,Santarém,PA,2016,Cujuba,Cujuba,26.797,545,189,
santarem,1506807,Santarém,PA,2016,Curimata,Curimata,54.262,1053,226,
santarem,1506807,Santarém,PA,2016,Dourada,Dourada,56.131,1233,239,
santarem,1506807,Santarém,PA,2016,Filhote,Filhote,28.168,560,206,
santarem,1506807,Santarém,PA,2016,Fura_Calça,Fura_Calça,5.01,89,57,
santarem,1506807,Santarém,PA,2016,Jandia,Jandia,0.06,2,2,
santarem,1506807,Santarém,PA,2016,Jaraqui,Jaraqui,49.613,652,185,
santarem,1506807,Santarém,PA,2016,Jatuarana,Jatuarana,0.81,16,11,
santarem,1506807,Santarém,PA,2016,Jau,Jau,7.731,245,137,
santarem,1506807,Santarém,PA,2016,Jeju,Jeju,0.061,2,2,
santarem,1506807,Santarém,PA,2016,Mandube,Mandube,0.869,30,20,
santarem,1506807,Santarém,PA,2016,Mapara,Mapara,63.965,876,177,
santarem,1506807,Santarém,PA,2016,Misto,Misto,18.154,548,213,
santarem,1506807,Santarém,PA,2016,Pacu,Pacu,61.773,1147,214,
santarem,1506807,Santarém,PA,2016,Peixe_cachorro,Peixe_cachorro,0.004,1,1,
santarem,1506807,Santarém,PA,2016,Pescada,Pescada,66.115,1270,239,
santarem,1506807,Santarém,PA,2016,Piracatinga,Piracatinga,0.035,3,3,
santarem,1506807,Santarém,PA,2016,Piraiba,Piraiba,0.578,10,10,
santarem,1506807,Santarém,PA,2016,Piramutaba,Piramutaba,3.696,92,60,
santarem,1506807,Santarém,PA,2016,Piranha,Piranha,3.704,132,100,
santarem,1506807,Santarém,PA,2016,Pirapitinga,Pirapitinga,11.668,349,155,
santarem,1506807,Santarém,PA,2016,Pirarara,Pirarara,20.672,692,220,
santarem,1506807,Santarém,PA,2016,Pirarucu,Pirarucu,12.204,323,156,
santarem,1506807,Santarém,PA,2016,Sardinha,Sardinha,0.523,17,16,
santarem,1506807,Santarém,PA,2016,Surubim,Surubim,70.308,1620,242,
santarem,1506807,Santarém,PA,2016,Tambacu,Tambacu,0.005,2,2,
santarem,1506807,Santarém,PA,2016,Tambaqui,Tambaqui,52.962,1153,212,
santarem,1506807,Santarém,PA,2016,Tambatinga,Tambatinga,0.499,6,6,
santarem,1506807,Santarém,PA,2016,Tamoata,Tamoata,13.495,224,122,
santarem,1506807,Santarém,PA,2016,Traira,Traira,1.275,53,46,
santarem,1506807,Santarém,PA,2016,Tucunare,Tucunare,25.619,720,213,
santarem,1506807,Santarém,PA,2017,Acari,Acari,9.297,57,57,
santarem,1506807,Santarém,PA,2017,Apapa,Apapa,11.61,177,166,
santarem,1506807,Santarém,PA,2017,Aracu,Aracu,30.939,208,197,
santarem,1506807,Santarém,PA,2017,Arraia,Arraia,3.406,68,67,
santarem,1506807,Santarém,PA,2017,Aruana,Aruana,5.112,116,108,
santarem,1506807,Santarém,PA,2017,Bacu,Bacu,2.803,73,70,
santarem,1506807,Santarém,PA,2017,Barbado,Barbado,5.614,130,125,
santarem,1506807,Santarém,PA,2017,Bomba,Bomba,0.26,13,13,
santarem,1506807,Santarém,PA,2017,Branquinha,Branquinha,0.43,12,12,
santarem,1506807,Santarém,PA,2017,Burrifado,Burrifado,0.008,1,1,
santarem,1506807,Santarém,PA,2017,Camarao,Camarao,0.074,1,1,
santarem,1506807,Santarém,PA,2017,Capare,Capare,1.03,23,23,
santarem,1506807,Santarém,PA,2017,Cara_Açu,Cara_Açu,5.343,98,93,
santarem,1506807,Santarém,PA,2017,Cara_de_Gato,Cara_de_Gato,0.232,6,6,
santarem,1506807,Santarém,PA,2017,Caras,Caras,15.788,141,129,
santarem,1506807,Santarém,PA,2017,Caratinga,Caratinga,0.273,7,7,
santarem,1506807,Santarém,PA,2017,Charuto,Charuto,23.409,192,178,
santarem,1506807,Santarém,PA,2017,Cujuba,Cujuba,18.072,153,142,
santarem,1506807,Santarém,PA,2017,Curimata,Curimata,38.896,194,170,
santarem,1506807,Santarém,PA,2017,Dourada,Dourada,51.224,259,241,
santarem,1506807,Santarém,PA,2017,Filhote,Filhote,28.23,214,207,
santarem,1506807,Santarém,PA,2017,Fura_Calça,Fura_Calça,7.201,76,76,
santarem,1506807,Santarém,PA,2017,Jaraqui,Jaraqui,33.817,162,157,
santarem,1506807,Santarém,PA,2017,Jatuarana,Jatuarana,7.824,58,58,
santarem,1506807,Santarém,PA,2017,Jau,Jau,6.652,121,117,
santarem,1506807,Santarém,PA,2017,Jeju,Jeju,0.022,2,2,
santarem,1506807,Santarém,PA,2017,Mandube,Mandube,0.598,17,17,
santarem,1506807,Santarém,PA,2017,Mapara,Mapara,50.128,170,166,
santarem,1506807,Santarém,PA,2017,Misto,Misto,16.842,229,221,
santarem,1506807,Santarém,PA,2017,Pacare,Pacare,0.042,3,3,
santarem,1506807,Santarém,PA,2017,Pacu,Pacu,51.119,196,189,
santarem,1506807,Santarém,PA,2017,Peixe_cachorro,Peixe_cachorro,0.002,1,1,
santarem,1506807,Santarém,PA,2017,Pescada,Pescada,83.974,258,247,
santarem,1506807,Santarém,PA,2017,Piraiba,Piraiba,6.194,58,57,
santarem,1506807,Santarém,PA,2017,Piramutaba,Piramutaba,8.17,80,77,
santarem,1506807,Santarém,PA,2017,Piranha,Piranha,2.92,77,77,
santarem,1506807,Santarém,PA,2017,Pirapitinga,Pirapitinga,16.435,180,172,
santarem,1506807,Santarém,PA,2017,Pirarara,Pirarara,29.145,237,228,
santarem,1506807,Santarém,PA,2017,Pirarucu,Pirarucu,18.771,199,167,
santarem,1506807,Santarém,PA,2017,Sardinha,Sardinha,0.562,18,18,
santarem,1506807,Santarém,PA,2017,Surubim,Surubim,80.041,264,253,
santarem,1506807,Santarém,PA,2017,Tambacu,Tambacu,0.0,1,1,
santarem,1506807,Santarém,PA,2017,Tambaqui,Tambaqui,57.83,298,225,
santarem,1506807,Santarém,PA,2017,Tambatinga,Tambatinga,2.334,15,15,
santarem,1506807,Santarém,PA,2017,Tamoata,Tamoata,19.344,134,130,
santarem,1506807,Santarém,PA,2017,Traira,Traira,1.674,35,34,
santarem,1506807,Santarém,PA,2017,Tucunare,Tucunare,40.725,226,215,
santarem,1506807,Santarém,PA,2018,Acara_Açu,Acara_Açu,8.843,249,133,
santarem,1506807,Santarém,PA,2018,Acari,Acari,17.051,49,45,
santarem,1506807,Santarém,PA,2018,Apapa,Apapa,7.572,348,159,
santarem,1506807,Santarém,PA,2018,Aracu,Aracu,41.217,656,171,
santarem,1506807,Santarém,PA,2018,Arraia,Arraia,3.749,94,66,
santarem,1506807,Santarém,PA,2018,Aruana,Aruana,13.088,419,183,
santarem,1506807,Santarém,PA,2018,Bacu,Bacu,3.039,120,85,
santarem,1506807,Santarém,PA,2018,Boco,Boco,20.516,474,157,
santarem,1506807,Santarém,PA,2018,Bodeco,Bodeco,1.991,99,69,
santarem,1506807,Santarém,PA,2018,Bomba,Bomba,1.09,32,25,
santarem,1506807,Santarém,PA,2018,Branquinha,Branquinha,0.435,10,7,
santarem,1506807,Santarém,PA,2018,Camarao,Camarao,0.018,1,1,
santarem,1506807,Santarém,PA,2018,Capare,Capare,0.352,23,22,
santarem,1506807,Santarém,PA,2018,Cara_de_Gato,Cara_de_Gato,0.175,10,9,
santarem,1506807,Santarém,PA,2018,Caratinga,Caratinga,14.784,330,156,
santarem,1506807,Santarém,PA,2018,Charuto,Charuto,29.357,530,229,
santarem,1506807,Santarém,PA,2018,Cujuba,Cujuba,15.851,350,143,
santarem,1506807,Santarém,PA,2018,Curimata,Curimata,77.386,1125,207,
santarem,1506807,Santarém,PA,2018,Dourada,Dourada,30.783,717,226,
santarem,1506807,Santarém,PA,2018,Filhote,Filhote,12.586,304,162,
santarem,1506807,Santarém,PA,2018,Fura_Calça,Fura_Calça,6.985,121,68,
santarem,1506807,Santarém,PA,2018,Jandia,Jandia,0.01,1,1,
santarem,1506807,Santarém,PA,2018,Jaraqui,Jaraqui,57.001,733,210,
santarem,1506807,Santarém,PA,2018,Jatuarana,Jatuarana,1.841,34,29,
santarem,1506807,Santarém,PA,2018,Jau,Jau,4.11,141,94,
santarem,1506807,Santarém,PA,2018,Jeju,Jeju,0.045,5,5,
santarem,1506807,Santarém,PA,2018,Mandube,Mandube,1.181,44,34,
santarem,1506807,Santarém,PA,2018,Mapara,Mapara,57.069,686,152,
santarem,1506807,Santarém,PA,2018,Misto,Misto,28.167,738,224,
santarem,1506807,Santarém,PA,2018,Pacu,Pacu,45.947,647,165,
santarem,1506807,Santarém,PA,2018,Pescada,Pescada,73.647,1546,262,
santarem,1506807,Santarém,PA,2018,Piaba,Piaba,5.071,88,55,
santarem,1506807,Santarém,PA,2018,Piracatinga,Piracatinga,0.029,2,2,
santarem,1506807,Santarém,PA,2018,Piraiba,Piraiba,2.72,31,26,
santarem,1506807,Santarém,PA,2018,Piranha,Piranha,1.753,76,57,
santarem,1506807,Santarém,PA,2018,Piranha_Preta,Piranha_Preta,0.012,1,1,
santarem,1506807,Santarém,PA,2018,Pirapitinga,Pirapitinga,8.791,305,143,
santarem,1506807,Santarém,PA,2018,Pirarara,Pirarara,20.792,692,209,
santarem,1506807,Santarém,PA,2018,Pirarucu,Pirarucu,12.583,314,172,
santarem,1506807,Santarém,PA,2018,Ponga,Ponga,0.151,1,1,
santarem,1506807,Santarém,PA,2018,Sardinha,Sardinha,0.257,10,10,
santarem,1506807,Santarém,PA,2018,Surubim,Surubim,71.006,2032,251,
santarem,1506807,Santarém,PA,2018,Tambacu,Tambacu,0.026,2,2,
santarem,1506807,Santarém,PA,2018,Tambaqui,Tambaqui,31.428,488,185,
santarem,1506807,Santarém,PA,2018,Tambatinga,Tambatinga,0.554,5,4,
santarem,1506807,Santarém,PA,2018,Tamoata,Tamoata,25.211,306,154,
santarem,1506807,Santarém,PA,2018,Tilapia,Tilapia,0.084,3,2,
santarem,1506807,Santarém,PA,2018,Traira,Traira,1.012,42,34,
santarem,1506807,Santarém,PA,2018,Tucunare,Tucunare,28.536,814,221,
santarem,1506807,Santarém,PA,2019,Acara_Açu,Acara_Açu,0.859,18,14,
santarem,1506807,Santarém,PA,2019,Acari,Acari,6.867,33,27,
santarem,1506807,Santarém,PA,2019,Apapa,Apapa,4.752,61,53,
santarem,1506807,Santarém,PA,2019,Aracu,Aracu,18.364,91,57,
santarem,1506807,Santarém,PA,2019,Arraia,Arraia,1.402,27,24,
santarem,1506807,Santarém,PA,2019,Aruana,Aruana,1.171,48,39,
santarem,1506807,Santarém,PA,2019,Bacu,Bacu,1.153,35,31,
santarem,1506807,Santarém,PA,2019,Barbado,Barbado,0.8,37,31,
santarem,1506807,Santarém,PA,2019,Boco,Boco,4.898,66,52,
santarem,1506807,Santarém,PA,2019,Bodeco,Bodeco,0.317,29,26,
santarem,1506807,Santarém,PA,2019,Bomba,Bomba,0.01,2,2,
santarem,1506807,Santarém,PA,2019,Branquinha,Branquinha,0.083,3,3,
santarem,1506807,Santarém,PA,2019,Burrifado,Burrifado,0.011,1,1,
santarem,1506807,Santarém,PA,2019,Camarao,Camarao,0.055,1,1,
santarem,1506807,Santarém,PA,2019,Capare,Capare,0.028,4,2,
santarem,1506807,Santarém,PA,2019,Cara_Açu,Cara_Açu,0.547,14,14,
santarem,1506807,Santarém,PA,2019,Cara_de_Gato,Cara_de_Gato,0.087,6,6,
santarem,1506807,Santarém,PA,2019,Caras,Caras,1.584,31,21,
santarem,1506807,Santarém,PA,2019,Caratinga,Caratinga,0.272,8,8,
santarem,1506807,Santarém,PA,2019,Charuto,Charuto,3.75,48,41,
santarem,1506807,Santarém,PA,2019,Cujuba,Cujuba,1.92,36,31,
santarem,1506807,Santarém,PA,2019,Curimata,Curimata,27.338,103,69,
santarem,1506807,Santarém,PA,2019,Dourada,Dourada,7.694,102,67,
santarem,1506807,Santarém,PA,2019,Filhote,Filhote,4.441,65,56,
santarem,1506807,Santarém,PA,2019,Fura_Calça,Fura_Calça,1.307,21,16,
santarem,1506807,Santarém,PA,2019,Jaraqui,Jaraqui,19.66,131,55,
santarem,1506807,Santarém,PA,2019,Jatuarana,Jatuarana,1.023,18,9,
santarem,1506807,Santarém,PA,2019,Jau,Jau,1.295,64,46,
santarem,1506807,Santarém,PA,2019,Mandube,Mandube,0.08,1,1,
santarem,1506807,Santarém,PA,2019,Mapara,Mapara,15.715,74,46,
santarem,1506807,Santarém,PA,2019,Misto,Misto,4.378,80,59,
santarem,1506807,Santarém,PA,2019,Pacu,Pacu,18.173,90,66,
santarem,1506807,Santarém,PA,2019,Peixe_cachorro,Peixe_cachorro,0.014,1,1,
santarem,1506807,Santarém,PA,2019,Pescada,Pescada,19.863,105,72,
santarem,1506807,Santarém,PA,2019,Piaba,Piaba,0.815,24,24,
santarem,1506807,Santarém,PA,2019,Piracatinga,Piracatinga,0.021,1,1,
santarem,1506807,Santarém,PA,2019,Piraiba,Piraiba,0.797,12,10,
santarem,1506807,Santarém,PA,2019,Piramutaba,Piramutaba,0.015,2,2,
santarem,1506807,Santarém,PA,2019,Piranha,Piranha,0.328,15,11,
santarem,1506807,Santarém,PA,2019,Pirapitinga,Pirapitinga,6.325,89,62,
santarem,1506807,Santarém,PA,2019,Pirarara,Pirarara,4.964,73,60,
santarem,1506807,Santarém,PA,2019,Pirarucu,Pirarucu,8.732,73,56,
santarem,1506807,Santarém,PA,2019,Sardinha,Sardinha,0.211,6,4,
santarem,1506807,Santarém,PA,2019,Surubim,Surubim,22.196,146,74,
santarem,1506807,Santarém,PA,2019,Tambaqui,Tambaqui,12.966,101,65,
santarem,1506807,Santarém,PA,2019,Tambatinga,Tambatinga,0.1,2,1,
santarem,1506807,Santarém,PA,2019,Tamoata,Tamoata,3.624,31,25,
santarem,1506807,Santarém,PA,2019,Traira,Traira,0.027,1,1,
santarem,1506807,Santarém,PA,2019,Tucunare,Tucunare,6.042,86,58,
santarem,1506807,Santarém,PA,2020,Acara_Açu,Acara_Açu,0.03,1,1,
santarem,1506807,Santarém,PA,2020,Apapa,Apapa,1.768,72,30,
santarem,1506807,Santarém,PA,2020,Aracu,Aracu,5.502,104,37,
santarem,1506807,Santarém,PA,2020,Arraia,Arraia,0.227,13,12,
santarem,1506807,Santarém,PA,2020,Aruana,Aruana,0.553,34,25,
santarem,1506807,Santarém,PA,2020,Bacu,Bacu,0.205,15,13,
santarem,1506807,Santarém,PA,2020,Barbado,Barbado,0.272,18,15,
santarem,1506807,Santarém,PA,2020,Boco,Boco,1.911,67,32,
santarem,1506807,Santarém,PA,2020,Bodeco,Bodeco,0.315,20,11,
santarem,1506807,Santarém,PA,2020,Bomba,Bomba,0.091,8,6,
santarem,1506807,Santarém,PA,2020,Branquinha,Branquinha,0.186,5,4,
santarem,1506807,Santarém,PA,2020,Capare,Capare,0.191,5,4,
santarem,1506807,Santarém,PA,2020,Cara_Açu,Cara_Açu,1.0,27,22,
santarem,1506807,Santarém,PA,2020,Caras,Caras,0.89,21,13,
santarem,1506807,Santarém,PA,2020,Caratinga,Caratinga,1.202,29,16,
santarem,1506807,Santarém,PA,2020,Charuto,Charuto,4.907,85,37,
santarem,1506807,Santarém,PA,2020,Cujuba,Cujuba,1.296,33,23,
santarem,1506807,Santarém,PA,2020,Curimata,Curimata,10.135,210,58,
santarem,1506807,Santarém,PA,2020,Dourada,Dourada,3.497,104,49,
santarem,1506807,Santarém,PA,2020,Filhote,Filhote,2.538,65,36,
santarem,1506807,Santarém,PA,2020,Fura_Calça,Fura_Calça,2.715,50,18,
santarem,1506807,Santarém,PA,2020,Furinha,Furinha,1.353,16,9,
santarem,1506807,Santarém,PA,2020,Jaraqui,Jaraqui,5.641,46,22,
santarem,1506807,Santarém,PA,2020,Jatuarana,Jatuarana,0.453,11,6,
santarem,1506807,Santarém,PA,2020,Jau,Jau,0.678,32,22,
santarem,1506807,Santarém,PA,2020,Mandube,Mandube,0.04,1,1,
santarem,1506807,Santarém,PA,2020,Mapara,Mapara,24.897,333,58,
santarem,1506807,Santarém,PA,2020,Misto,Misto,5.049,150,59,
santarem,1506807,Santarém,PA,2020,Pacare,Pacare,0.031,1,1,
santarem,1506807,Santarém,PA,2020,Pacu,Pacu,3.853,90,34,
santarem,1506807,Santarém,PA,2020,Pescada,Pescada,12.213,259,57,
santarem,1506807,Santarém,PA,2020,Piaba,Piaba,0.003,1,1,
santarem,1506807,Santarém,PA,2020,Pintado,Pintado,0.51,2,1,
santarem,1506807,Santarém,PA,2020,Piracatinga,Piracatinga,0.096,2,2,
santarem,1506807,Santarém,PA,2020,Piraiba,Piraiba,0.441,7,6,
santarem,1506807,Santarém,PA,2020,Piramutaba,Piramutaba,0.313,4,4,
santarem,1506807,Santarém,PA,2020,Piranha,Piranha,0.192,13,9,
santarem,1506807,Santarém,PA,2020,Pirapitinga,Pirapitinga,2.564,48,26,
santarem,1506807,Santarém,PA,2020,Pirarara,Pirarara,1.897,54,33,
santarem,1506807,Santarém,PA,2020,Pirarucu,Pirarucu,2.205,39,22,
santarem,1506807,Santarém,PA,2020,Sardinha,Sardinha,0.012,2,1,
santarem,1506807,Santarém,PA,2020,Surubim,Surubim,4.185,111,51,
santarem,1506807,Santarém,PA,2020,Tambaqui,Tambaqui,7.877,83,31,
santarem,1506807,Santarém,PA,2020,Tambatinga,Tambatinga,0.059,1,1,
santarem,1506807,Santarém,PA,2020,Tamoata,Tamoata,7.196,60,28,
santarem,1506807,Santarém,PA,2020,Traira,Traira,0.161,5,4,
santarem,1506807,Santarém,PA,2020,Tucunare,Tucunare,2.502,95,46,
