id,arquivo,linhas,bytes,sha256,verificacao_local,anos_disponiveis,licenca,fonte,revisao,versao
fao-captura,downloads/fao-cap-2015-2024.csv,146537,9459269,65354a6964fae76e3dcc65aaec998fa2a090083acb9a8d63c9a9cbf34e83485d,passou,2015|2016|2017|2018|2019|2020|2021|2022|2023|2024,CC BY 4.0 + termos FAO,https://www.fao.org/statistics/events/events-detail/global-production.-march-2026-update/en,2026-10-04,quality-1.0-526bdc11a4d1
mpa-captura,downloads/mpa-captura-registros-2021-2025.csv,177,9707,b958c6be3865b077747ccb4b2acb8a8c44478c0f3fe50fa03ce60e4815c129c3,passou,2021|2022|2023|2024|2025,"Livre utilização · Decreto 8.777/2016, art. 4º",https://www.gov.br/mpa/pt-br/acesso-a-informacao/dados-abertos-2,2026-10-04,quality-1.0-526bdc11a4d1
fao-aquicultura,downloads/fao-aq-2015-2024.csv,22064,1476255,cdaa6f0b9b3cdc6facf7d0437b851ff66a8a2ab230bcf436c2c59f5328c42abd,passou,2015|2016|2017|2018|2019|2020|2021|2022|2023|2024,CC BY 4.0 + termos FAO,https://www.fao.org/statistics/events/events-detail/global-production.-march-2026-update/en,2026-10-04,quality-1.0-526bdc11a4d1
ibge-uf,downloads/ibge-aquicultura-uf-2013-2024.csv,3984,227520,629436e4d55c33682ef8e7d458bd59a4bbdafb9dfbf8c2dbf651c0aa72cd89d3,passou,2013|2014|2015|2016|2017|2018|2019|2020|2021|2022|2023|2024,"Livre utilização · Decreto 8.777/2016, art. 4º",https://sidra.ibge.gov.br/tabela/3940,2026-10-04,quality-1.0-526bdc11a4d1
ibge-municipio,downloads/ibge-aquicultura-municipios-2024.csv,9083,631209,178dff4226f9efdd87b81744ce78d69edde4b7bf78c769387f82e1503639d13c,passou,2024,"Livre utilização · Decreto 8.777/2016, art. 4º",https://sidra.ibge.gov.br/tabela/3940,2026-10-04,quality-1.0-526bdc11a4d1
mdic-ncm03,downloads/mdic-comercio-pescado-ncm03-2022-2026.csv,33060,4010628,3e2b69d7ec0679dc7826571f703673e1f7387f02a21ac14f26de3a5ba22c36c4,passou,2022|2023|2024|2025|2026,"Livre utilização · Decreto 8.777/2016, art. 4º",https://www.gov.br/mdic/pt-br/assuntos/comercio-exterior/estatisticas/base-de-dados-bruta,2026-10-04,quality-1.0-526bdc11a4d1
curated-15-serie-2013-2024,downloads/atlas-15-serie-2013-2024.csv,205,10826,604d018efea6b0e25051521a380f06ffc13bed0662f0fee6572c47d9817102d1,passou,2013|2014|2015|2016|2017|2018|2019|2020|2021|2022|2023|2024,"Livre utilização · Decreto 8.777/2016, art. 4º",https://sidra.ibge.gov.br/tabela/3940,2026-10-04,quality-1.0-526bdc11a4d1
curated-15-municipios-2024,downloads/atlas-15-municipios-2024.csv,393,25575,bf82e1583e22280afa3dc78badb9e7120ed4ec340c1e27f39d90456142b76f41,passou,2024,"Livre utilização · Decreto 8.777/2016, art. 4º",https://sidra.ibge.gov.br/tabela/3940,2026-10-04,quality-1.0-526bdc11a4d1
curated-15-comercio-2022-2025,downloads/atlas-15-comercio-2022-2025.csv,1210,139720,62d32d1d39c23c176df9ba63dcc674eeb7ded2e7005e60c03398b046453ff060,passou,2022|2023|2024|2025,"Livre utilização · Decreto 8.777/2016, art. 4º",https://www.gov.br/mdic/pt-br/assuntos/comercio-exterior/estatisticas/base-de-dados-bruta,2026-10-04,quality-1.0-526bdc11a4d1
curated-16-serie-2013-2024,downloads/atlas-16-serie-2013-2024.csv,60,2926,bcabd5a75569a7b180f4f07d2859007ac2c882ebc3693924d6ec61ba95f70091,passou,2013|2014|2015|2016|2017|2018|2019|2020|2021|2022|2023|2024,"Livre utilização · Decreto 8.777/2016, art. 4º",https://sidra.ibge.gov.br/tabela/3940,2026-10-04,quality-1.0-526bdc11a4d1
curated-16-municipios-2024,downloads/atlas-16-municipios-2024.csv,22,1520,19813bf1eccbba3d164a57ed60a2a01969622f8f2238948c5ef653d1076a19f8,passou,2024,"Livre utilização · Decreto 8.777/2016, art. 4º",https://sidra.ibge.gov.br/tabela/3940,2026-10-04,quality-1.0-526bdc11a4d1
curated-16-comercio-2022-2025,downloads/atlas-16-comercio-2022-2025.csv,136,16678,8330c7cb2e05f3b280220ad8ee41b29aafe5cd71882a4a82952029b6481f1849,passou,2022|2023|2024|2025,"Livre utilização · Decreto 8.777/2016, art. 4º",https://www.gov.br/mdic/pt-br/assuntos/comercio-exterior/estatisticas/base-de-dados-bruta,2026-10-04,quality-1.0-526bdc11a4d1
pangaea-demersal-sc,downloads/pesca-demersal-sc-2000-2019.csv,1560,52583,33fa736ab8c085cca46ca6ec9553ddd8e61e0e53cb9db8a0b7c748a54bfbbe0f,passou,2000|2001|2002|2003|2004|2005|2006|2007|2008|2009|2010|2011|2012|2013|2014|2015|2016|2017|2018|2019,CC BY 4.0,https://doi.pangaea.de/10.1594/PANGAEA.946292,2026-10-04,quality-1.0-526bdc11a4d1
imas-brasil-capacity,downloads/pesca-brasil-capacity-1950-2017.csv,4088,974724,914951fb754820838d07e6c409c7e76adee5885b4005116f0d50ecd2de2d2518,passou,1950|1951|1952|1953|1954|1955|1956|1957|1958|1959|1960|1961|1962|1963|1964|1965|1966|1967|1968|1969|1970|1971|1972|1973|1974|1975|1976|1977|1978|1979|1980|1981|1982|1983|1984|1985|1986|1987|1988|1989|1990|1991|1992|1993|1994|1995|1996|1997|1998|1999|2000|2001|2002|2003|2004|2005|2006|2007|2008|2009|2010|2011|2012|2013|2014|2015|2016|2017,CC BY 4.0,https://doi.org/10.25959/mngy-0q43,2026-10-04,quality-1.0-526bdc11a4d1
imas-brasil-effort,downloads/pesca-brasil-effort-1950-2017.csv,3528,550380,1e7810bc85a6e1d10f1915e4f81275f1fb407127658663aff4559bce40d6524d,passou,1950|1951|1952|1953|1954|1955|1956|1957|1958|1959|1960|1961|1962|1963|1964|1965|1966|1967|1968|1969|1970|1971|1972|1973|1974|1975|1976|1977|1978|1979|1980|1981|1982|1983|1984|1985|1986|1987|1988|1989|1990|1991|1992|1993|1994|1995|1996|1997|1998|1999|2000|2001|2002|2003|2004|2005|2006|2007|2008|2009|2010|2011|2012|2013|2014|2015|2016|2017,CC BY 4.0,https://doi.org/10.25959/mngy-0q43,2026-10-04,quality-1.0-526bdc11a4d1
pesca-municipal-santarem,downloads/pesca-municipal-santarem-2011-2020.csv,458,30495,1a0ffc69aa16924a6db5a86f5d8edfd786728013632b7c494c65502d3e69a710,passou,2011|2012|2013|2014|2015|2016|2017|2018|2019|2020,CC BY 4.0,https://data.mendeley.com/datasets/ntprfhdypn/1,2026-10-04,quality-1.0-526bdc11a4d1
pesca-municipal-arraial,downloads/pesca-municipal-arraial-1992-2008.csv,17,1473,c5cebc0f8617867037755b9c0e3912bf03b0624a1e305d561bf454ccb95d2b6c,passou,1992|1993|1994|1995|1996|1997|1998|1999|2000|2001|2002|2003|2004|2005|2006|2007|2008,CC BY 4.0,https://journals.plos.org/plosone/article?id=10.1371/journal.pone.0110332,2026-10-04,quality-1.0-526bdc11a4d1
